{"indexes":[{"v":{"$numberInt":"2"},"key":{"_id":{"$numberInt":"1"}},"name":"_id_"},{"v":{"$numberInt":"2"},"key":{"video":{"$numberInt":"1"}},"name":"video_1","background":true},{"v":{"$numberInt":"2"},"key":{"duration":{"$numberInt":"1"}},"name":"duration_1","background":true},{"v":{"$numberInt":"2"},"key":{"title":{"$numberInt":"1"}},"name":"title_1","background":true},{"v":{"$numberInt":"2"},"key":{"points":{"$numberInt":"1"}},"name":"points_1","background":true}],"uuid":"ba54e397c92f4046822559aa85ce9b9f","collectionName":"videoManage","type":"collection"}